[
    {
        "id": "80e94813a903f443",
        "type": "tab",
        "label": "Nodo Write BLE MESH",
        "disabled": false,
        "info": "",
        "env": []
    },
    {
        "id": "324a7e756aebc374",
        "type": "function",
        "z": "80e94813a903f443",
        "name": "",
        "func": "msg.payload = {\"89844d3be63d479eaf2c1f97e6fc5651\": Buffer.from(msg.payload, \"utf-8\")};\nmsg.topic = \"\";\nreturn msg;",
        "outputs": 1,
        "noerr": 0,
        "initialize": "",
        "finalize": "",
        "libs": [],
        "x": 500,
        "y": 160,
        "wires": [
            [
                "34063f33e752179d",
                "eb116151262dd018"
            ]
        ]
    },
    {
        "id": "d74e69b3e07dd4f0",
        "type": "inject",
        "z": "80e94813a903f443",
        "name": "connect BLE",
        "props": [
            {
                "p": "payload"
            },
            {
                "p": "topic",
                "vt": "str"
            }
        ],
        "repeat": "",
        "crontab": "",
        "once": false,
        "onceDelay": 0.1,
        "topic": "connect",
        "payload": "",
        "payloadType": "date",
        "x": 570,
        "y": 220,
        "wires": [
            [
                "eb116151262dd018"
            ]
        ]
    },
    {
        "id": "80b2afb2d2fbc212",
        "type": "inject",
        "z": "80e94813a903f443",
        "name": "disconnect BLE",
        "props": [
            {
                "p": "payload"
            },
            {
                "p": "topic",
                "vt": "str"
            }
        ],
        "repeat": "",
        "crontab": "",
        "once": false,
        "onceDelay": 0.1,
        "topic": "disconnect",
        "payload": "",
        "payloadType": "date",
        "x": 560,
        "y": 260,
        "wires": [
            [
                "eb116151262dd018"
            ]
        ]
    },
    {
        "id": "34063f33e752179d",
        "type": "debug",
        "z": "80e94813a903f443",
        "name": "",
        "active": true,
        "tosidebar": true,
        "console": false,
        "tostatus": false,
        "complete": "true",
        "targetType": "full",
        "statusVal": "",
        "statusType": "auto",
        "x": 730,
        "y": 160,
        "wires": []
    },
    {
        "id": "820a226ceb8454d4",
        "type": "mqtt in",
        "z": "80e94813a903f443",
        "name": "",
        "topic": "office/light/status",
        "qos": "0",
        "datatype": "auto",
        "broker": "e50911632e36dfad",
        "nl": false,
        "rap": true,
        "rh": 0,
        "inputs": 0,
        "x": 320,
        "y": 160,
        "wires": [
            [
                "324a7e756aebc374"
            ]
        ]
    },
    {
        "id": "eb116151262dd018",
        "type": "Generic BLE out",
        "z": "80e94813a903f443",
        "name": "",
        "genericBle": "901f9b3bf78cfa4c",
        "x": 705,
        "y": 200,
        "wires": [],
        "l": false
    },
    {
        "id": "e50911632e36dfad",
        "type": "mqtt-broker",
        "name": "",
        "broker": "192.168.1.34",
        "port": "1883",
        "clientid": "",
        "autoConnect": true,
        "usetls": false,
        "protocolVersion": "4",
        "keepalive": "60",
        "cleansession": true,
        "birthTopic": "",
        "birthQos": "0",
        "birthPayload": "",
        "birthMsg": {},
        "closeTopic": "",
        "closeQos": "0",
        "closePayload": "",
        "closeMsg": {},
        "willTopic": "",
        "willQos": "0",
        "willPayload": "",
        "willMsg": {},
        "userProps": "",
        "sessionExpiry": ""
    },
    {
        "id": "901f9b3bf78cfa4c",
        "type": "Generic BLE",
        "localName": "BLEMESH",
        "address": "24:0a:c4:00:81:4a",
        "uuid": "240ac400814a",
        "characteristics": []
    }
]