[
    {
        "id": "2360e162d55447f2",
        "type": "tab",
        "label": "Nodo READ BLE MESH",
        "disabled": false,
        "info": "",
        "env": []
    },
    {
        "id": "fd380084d150eb86",
        "type": "inject",
        "z": "2360e162d55447f2",
        "name": "notify",
        "props": [
            {
                "p": "payload"
            },
            {
                "p": "topic",
                "vt": "str"
            }
        ],
        "repeat": "",
        "crontab": "",
        "once": false,
        "onceDelay": 0.1,
        "topic": "",
        "payload": "{\"notify\":true,\"period\":0}",
        "payloadType": "json",
        "x": 90,
        "y": 180,
        "wires": [
            [
                "85aeb61bfd45f196"
            ]
        ]
    },
    {
        "id": "3022c84a4fbb4f30",
        "type": "inject",
        "z": "2360e162d55447f2",
        "name": "connect",
        "props": [
            {
                "p": "payload"
            },
            {
                "p": "topic",
                "vt": "str"
            }
        ],
        "repeat": "",
        "crontab": "",
        "once": false,
        "onceDelay": 0.1,
        "topic": "connect",
        "payload": "",
        "payloadType": "date",
        "x": 90,
        "y": 220,
        "wires": [
            [
                "85aeb61bfd45f196"
            ]
        ]
    },
    {
        "id": "9116a13cb32df74d",
        "type": "function",
        "z": "2360e162d55447f2",
        "name": "F. Payload",
        "func": "msg.payload = msg.payload.characteristics.ea12ce72e2f644c5ac3f51fb791a7c99.toString()\nreturn msg\n\n\n//let buffer = msg.payload.characteristics.ea12ce72e2f644c5ac3f51fb791a7c99\n//return buffer;",
        "outputs": 1,
        "noerr": 0,
        "initialize": "",
        "finalize": "",
        "libs": [],
        "x": 330,
        "y": 220,
        "wires": [
            [
                "7d7442864996ea2d"
            ]
        ]
    },
    {
        "id": "7d7442864996ea2d",
        "type": "json",
        "z": "2360e162d55447f2",
        "name": "",
        "property": "payload",
        "action": "",
        "pretty": false,
        "x": 470,
        "y": 220,
        "wires": [
            [
                "c688913b70ac57df"
            ]
        ]
    },
    {
        "id": "c688913b70ac57df",
        "type": "switch",
        "z": "2360e162d55447f2",
        "name": "",
        "property": "payload.id",
        "propertyType": "msg",
        "rules": [
            {
                "t": "eq",
                "v": "espdth11",
                "vt": "str"
            },
            {
                "t": "eq",
                "v": "lopyligth",
                "vt": "str"
            },
            {
                "t": "eq",
                "v": "espmov",
                "vt": "str"
            }
        ],
        "checkall": "true",
        "repair": false,
        "outputs": 3,
        "x": 590,
        "y": 220,
        "wires": [
            [
                "52f9bda3a0cea8ca"
            ],
            [
                "c5a6df84a5cf073d"
            ],
            [
                "eeeb422695a42640"
            ]
        ]
    },
    {
        "id": "dbf29a106da61853",
        "type": "mqtt out",
        "z": "2360e162d55447f2",
        "name": "",
        "topic": "office/sensor/ligth",
        "qos": "",
        "retain": "",
        "respTopic": "",
        "contentType": "",
        "userProps": "",
        "correl": "",
        "expiry": "",
        "broker": "e50911632e36dfad",
        "x": 930,
        "y": 200,
        "wires": []
    },
    {
        "id": "c5a6df84a5cf073d",
        "type": "function",
        "z": "2360e162d55447f2",
        "name": "F. data",
        "func": "msg.payload = msg.payload.data;\nreturn msg;",
        "outputs": 1,
        "noerr": 0,
        "initialize": "",
        "finalize": "",
        "libs": [],
        "x": 730,
        "y": 220,
        "wires": [
            [
                "dbf29a106da61853"
            ]
        ]
    },
    {
        "id": "85aeb61bfd45f196",
        "type": "Generic BLE in",
        "z": "2360e162d55447f2",
        "name": "",
        "genericBle": "901f9b3bf78cfa4c",
        "useString": false,
        "notification": true,
        "x": 225,
        "y": 220,
        "wires": [
            [
                "9116a13cb32df74d"
            ]
        ],
        "l": false
    },
    {
        "id": "c42a02e566cdcf98",
        "type": "inject",
        "z": "2360e162d55447f2",
        "name": "disconnect BLE",
        "props": [
            {
                "p": "payload"
            },
            {
                "p": "topic",
                "vt": "str"
            }
        ],
        "repeat": "",
        "crontab": "",
        "once": false,
        "onceDelay": 0.1,
        "topic": "disconnect",
        "payload": "",
        "payloadType": "date",
        "x": 120,
        "y": 260,
        "wires": [
            [
                "85aeb61bfd45f196"
            ]
        ]
    },
    {
        "id": "52f9bda3a0cea8ca",
        "type": "mqtt out",
        "z": "2360e162d55447f2",
        "name": "",
        "topic": "office/sensor/DHT11",
        "qos": "",
        "retain": "",
        "respTopic": "",
        "contentType": "",
        "userProps": "",
        "correl": "",
        "expiry": "",
        "broker": "e50911632e36dfad",
        "x": 920,
        "y": 140,
        "wires": []
    },
    {
        "id": "df27aa3f25b22bc2",
        "type": "mqtt out",
        "z": "2360e162d55447f2",
        "name": "",
        "topic": "office/sensor/motion",
        "qos": "",
        "retain": "",
        "respTopic": "",
        "contentType": "",
        "userProps": "",
        "correl": "",
        "expiry": "",
        "broker": "e50911632e36dfad",
        "x": 920,
        "y": 260,
        "wires": []
    },
    {
        "id": "95c1135b6f4a8d7b",
        "type": "mqtt out",
        "z": "2360e162d55447f2",
        "name": "",
        "topic": "RFBridge/sensor_pir_hall",
        "qos": "",
        "retain": "",
        "respTopic": "",
        "contentType": "",
        "userProps": "",
        "correl": "",
        "expiry": "",
        "broker": "e50911632e36dfad",
        "x": 910,
        "y": 320,
        "wires": []
    },
    {
        "id": "eeeb422695a42640",
        "type": "function",
        "z": "2360e162d55447f2",
        "name": "F. data",
        "func": "msg.payload = msg.payload.data;\nreturn msg;",
        "outputs": 1,
        "noerr": 0,
        "initialize": "",
        "finalize": "",
        "libs": [],
        "x": 730,
        "y": 260,
        "wires": [
            [
                "df27aa3f25b22bc2",
                "95c1135b6f4a8d7b"
            ]
        ]
    },
    {
        "id": "e50911632e36dfad",
        "type": "mqtt-broker",
        "name": "",
        "broker": "192.168.1.34",
        "port": "1883",
        "clientid": "",
        "autoConnect": true,
        "usetls": false,
        "protocolVersion": "4",
        "keepalive": "60",
        "cleansession": true,
        "birthTopic": "",
        "birthQos": "0",
        "birthPayload": "",
        "birthMsg": {},
        "closeTopic": "",
        "closeQos": "0",
        "closePayload": "",
        "closeMsg": {},
        "willTopic": "",
        "willQos": "0",
        "willPayload": "",
        "willMsg": {},
        "userProps": "",
        "sessionExpiry": ""
    },
    {
        "id": "901f9b3bf78cfa4c",
        "type": "Generic BLE",
        "localName": "BLEMESH",
        "address": "24:0a:c4:00:81:4a",
        "uuid": "240ac400814a",
        "characteristics": []
    }
]